,CODE_GENDER,FLAG_OWN_CAR,FLAG_OWN_REALTY,CNT_CHILDREN,AMT_INCOME_TOTAL,NAME_INCOME_TYPE,NAME_EDUCATION_TYPE,NAME_FAMILY_STATUS,NAME_HOUSING_TYPE,FLAG_WORK_PHONE,FLAG_PHONE,FLAG_EMAIL,CNT_FAM_MEMBERS,APPROVAL_STATUS,AGE,EMPLOYEE_FROM_YEARS
0,0,0,0,0,427500.0,1,1,1,1,1,0,0,2.0,0.0,32,12
1,0,0,0,0,427500.0,1,1,1,1,1,0,0,2.0,0.0,32,12
2,0,0,0,0,112500.0,1,2,2,2,0,0,0,2.0,0.0,58,3
3,1,1,0,0,270000.0,2,2,3,2,0,1,1,1.0,0.0,52,8
4,1,1,0,0,270000.0,2,2,3,2,0,1,1,1.0,0.0,52,8
5,1,1,0,0,270000.0,2,2,3,2,0,1,1,1.0,0.0,52,8
6,1,1,0,0,270000.0,2,2,3,2,0,1,1,1.0,0.0,52,8
7,1,1,0,0,283500.0,3,1,4,2,0,0,0,1.0,0.0,61,-1001
8,1,1,0,0,283500.0,3,1,4,2,0,0,0,1.0,0.0,61,-1001
9,1,1,0,0,283500.0,3,1,4,2,0,0,0,1.0,0.0,61,-1001
10,0,0,0,0,270000.0,1,1,2,2,1,1,1,2.0,0.0,46,2
11,0,0,0,0,270000.0,1,1,2,2,1,1,1,2.0,0.0,46,2
12,0,0,0,0,135000.0,2,2,2,2,0,0,0,2.0,0.0,48,3
13,0,0,0,0,135000.0,2,2,2,2,0,0,0,2.0,0.0,48,3
14,0,0,0,0,135000.0,2,2,2,2,0,0,0,2.0,0.0,48,3
15,0,0,0,0,135000.0,2,2,2,2,0,0,0,2.0,0.0,48,3
16,0,0,0,0,135000.0,2,2,2,2,0,0,0,2.0,0.0,48,3
17,0,0,0,0,135000.0,2,2,2,2,0,0,0,2.0,0.0,48,3
18,1,0,1,0,130500.0,1,3,2,2,0,0,0,2.0,0.0,29,3
19,1,0,1,0,130500.0,1,3,2,2,0,0,0,2.0,0.0,29,3
20,1,1,0,0,157500.0,1,2,2,2,0,1,0,2.0,0.0,27,4
21,1,1,0,0,157500.0,1,2,2,2,0,1,0,2.0,0.0,27,4
22,1,1,0,0,157500.0,1,2,2,2,0,1,0,2.0,0.0,27,4
23,1,1,0,1,112500.0,1,2,3,2,0,0,0,2.0,0.0,30,4
24,1,1,0,1,112500.0,1,2,3,2,0,0,0,2.0,0.0,30,4
25,0,0,0,3,270000.0,1,2,2,2,0,0,0,5.0,0.0,34,3
26,0,0,0,3,270000.0,1,2,2,2,0,0,0,5.0,0.0,34,3
27,0,1,0,1,405000.0,2,1,2,2,0,0,0,3.0,0.0,32,5
28,0,1,0,1,405000.0,2,1,2,2,0,0,0,3.0,0.0,32,5
29,0,1,0,1,405000.0,2,1,2,2,0,0,0,3.0,0.0,32,5
30,0,1,0,1,405000.0,2,1,2,2,0,0,0,3.0,0.0,32,5
31,0,1,0,1,405000.0,2,1,2,2,0,0,0,3.0,0.0,32,5
32,0,1,0,1,405000.0,2,1,2,2,0,0,0,3.0,0.0,32,5
33,0,0,0,0,112500.0,2,2,2,2,0,1,0,2.0,0.0,56,12
34,0,0,0,0,112500.0,2,2,2,2,0,1,0,2.0,0.0,56,12
35,0,0,0,0,112500.0,2,2,2,2,0,1,0,2.0,0.0,56,12
36,0,0,0,0,112500.0,2,2,2,2,0,1,0,2.0,0.0,56,12
37,0,0,0,0,112500.0,2,2,2,2,0,1,0,2.0,0.0,56,12
38,0,0,0,0,112500.0,2,2,2,2,0,1,0,2.0,0.0,56,12
39,0,0,0,0,112500.0,2,2,2,2,0,1,0,2.0,0.0,56,12
40,0,0,0,0,112500.0,2,2,2,2,0,1,0,2.0,0.0,56,12
41,1,0,0,2,135000.0,1,2,2,2,0,0,0,4.0,0.0,43,8
42,1,0,0,2,135000.0,1,2,2,2,0,0,0,4.0,0.0,43,8
43,1,0,0,2,135000.0,1,2,2,2,0,0,0,4.0,0.0,43,8
44,1,0,0,2,135000.0,1,2,2,2,0,0,0,4.0,0.0,43,8
45,1,0,0,2,135000.0,1,2,2,2,0,0,0,4.0,0.0,43,8
46,1,0,0,2,135000.0,1,2,2,2,0,0,0,4.0,0.0,43,8
47,1,0,0,2,135000.0,1,2,2,2,0,0,0,4.0,0.0,43,8
48,1,0,0,2,135000.0,1,2,2,2,0,0,0,4.0,0.0,43,8
49,1,0,0,2,135000.0,1,2,2,2,0,0,0,4.0,0.0,43,8
50,1,0,0,2,135000.0,1,2,2,2,0,0,0,4.0,0.0,43,8
51,1,0,0,2,135000.0,1,2,2,2,0,0,0,4.0,0.0,43,8
52,1,0,0,2,135000.0,1,2,2,2,0,0,0,4.0,0.0,43,8
53,1,0,0,2,135000.0,1,2,2,2,0,0,0,4.0,0.0,43,8
54,1,0,0,2,135000.0,1,2,2,2,0,0,0,4.0,0.0,43,8
55,1,0,0,2,135000.0,1,2,2,2,0,0,0,4.0,0.0,43,8
56,1,1,0,1,211500.0,4,2,1,2,0,0,0,3.0,0.0,44,19
57,1,1,0,1,211500.0,4,2,1,2,0,0,0,3.0,0.0,44,19
58,0,0,0,0,360000.0,2,2,2,2,0,1,0,2.0,0.0,45,14
59,1,1,0,2,126000.0,2,1,2,2,0,0,1,4.0,0.0,34,4
60,1,1,0,2,126000.0,2,1,2,2,0,0,1,4.0,0.0,34,4
61,1,1,0,2,126000.0,2,1,2,2,0,0,1,4.0,0.0,34,4
62,1,1,0,2,126000.0,2,1,2,2,0,0,1,4.0,0.0,34,4
63,1,1,0,2,126000.0,2,1,2,2,0,0,1,4.0,0.0,34,4
64,1,1,0,2,126000.0,2,1,2,2,0,0,1,4.0,0.0,34,4
65,1,1,0,2,126000.0,2,1,2,2,0,0,1,4.0,0.0,34,4
66,1,1,0,2,126000.0,2,1,2,2,0,0,1,4.0,0.0,34,4
67,1,1,0,2,126000.0,2,1,2,2,0,0,1,4.0,0.0,34,4
68,1,1,0,2,126000.0,2,1,2,2,0,0,1,4.0,0.0,34,4
69,1,1,0,0,315000.0,3,2,5,2,0,0,0,1.0,0.0,55,-1001
70,1,1,0,0,247500.0,2,1,4,1,0,0,0,1.0,0.0,46,3
71,1,1,0,0,247500.0,2,1,4,1,0,0,0,1.0,0.0,46,3
72,1,1,0,0,247500.0,2,1,4,1,0,0,0,1.0,0.0,46,3
73,1,1,0,0,247500.0,2,1,4,1,0,0,0,1.0,0.0,46,3
74,1,1,0,0,297000.0,2,2,3,1,0,0,0,1.0,0.0,42,8
75,1,1,0,0,297000.0,2,2,3,1,0,0,0,1.0,0.0,42,8
76,1,1,0,0,297000.0,2,2,3,1,0,0,0,1.0,0.0,42,8
77,1,1,0,0,297000.0,2,2,3,1,0,0,0,1.0,0.0,42,8
78,1,1,0,0,297000.0,2,2,3,1,0,0,0,1.0,0.0,42,8
79,1,1,0,0,297000.0,2,2,3,1,0,0,0,1.0,0.0,42,8
80,1,1,0,0,297000.0,2,2,3,1,0,0,0,1.0,0.0,42,8
81,1,1,0,0,297000.0,2,2,3,1,0,0,0,1.0,0.0,42,8
82,1,1,0,0,297000.0,2,2,3,1,0,0,0,1.0,0.0,42,8
83,1,1,0,0,297000.0,2,2,3,1,0,0,0,1.0,0.0,42,8
84,1,1,0,0,297000.0,2,2,3,1,0,0,0,1.0,0.0,42,8
85,1,1,0,0,297000.0,2,2,3,1,0,0,0,1.0,0.0,42,8
86,1,1,0,0,297000.0,2,2,3,1,0,0,0,1.0,0.0,42,8
87,1,1,0,0,297000.0,2,2,3,1,0,0,0,1.0,0.0,42,8
88,1,1,0,0,297000.0,2,2,3,1,0,0,0,1.0,0.0,42,8
89,1,1,0,0,297000.0,2,2,3,1,0,0,0,1.0,0.0,42,8
90,1,1,0,0,297000.0,2,2,3,1,0,0,0,1.0,0.0,42,8
91,1,1,0,0,297000.0,2,2,3,1,0,0,0,1.0,0.0,42,8
92,1,1,0,0,297000.0,2,2,3,1,0,0,0,1.0,0.0,42,8
93,1,1,0,0,297000.0,2,2,3,1,0,0,0,1.0,0.0,42,8
94,1,1,0,0,297000.0,2,2,3,1,0,0,0,1.0,0.0,42,8
95,1,1,0,0,297000.0,2,2,3,1,0,0,0,1.0,0.0,42,8
96,1,1,0,0,297000.0,2,2,3,1,0,0,0,1.0,0.0,42,8
97,1,1,0,0,297000.0,2,2,3,1,0,0,0,1.0,0.0,42,8
98,1,1,0,0,297000.0,2,2,3,1,0,0,0,1.0,0.0,42,8
99,1,1,0,0,297000.0,2,2,3,1,0,0,0,1.0,0.0,42,8
100,1,1,0,0,297000.0,2,2,3,1,0,0,0,1.0,0.0,42,8
101,1,1,0,0,297000.0,2,2,3,1,0,0,0,1.0,0.0,42,8
102,1,1,0,0,297000.0,2,2,3,1,0,0,0,1.0,0.0,42,8
103,1,1,0,0,297000.0,2,2,3,1,0,0,0,1.0,0.0,42,8
104,1,1,0,0,297000.0,2,2,3,1,0,0,0,1.0,0.0,42,8
105,1,1,0,0,297000.0,2,2,3,1,0,0,0,1.0,0.0,42,8
106,1,1,0,0,297000.0,2,2,3,1,0,0,0,1.0,0.0,42,8
107,1,1,0,0,297000.0,2,2,3,1,0,0,0,1.0,0.0,42,8
108,1,1,0,0,297000.0,2,2,3,1,0,0,0,1.0,0.0,42,8
109,1,1,0,0,297000.0,2,2,3,1,0,0,0,1.0,0.0,42,8
110,1,1,0,0,297000.0,2,2,3,1,0,0,0,1.0,0.0,42,8
111,1,1,0,0,297000.0,2,2,3,1,0,0,0,1.0,0.0,42,8
112,1,1,0,0,297000.0,2,2,3,1,0,0,0,1.0,0.0,42,8
113,1,1,0,0,297000.0,2,2,3,1,0,0,0,1.0,0.0,42,8
114,1,1,0,0,297000.0,2,2,3,1,0,0,0,1.0,0.0,42,8
115,1,1,0,0,297000.0,2,2,3,1,0,0,0,1.0,0.0,42,8
116,1,1,0,0,297000.0,2,2,3,1,0,0,0,1.0,0.0,42,8
117,1,1,0,0,297000.0,2,2,3,1,0,0,0,1.0,0.0,42,8
118,1,1,0,0,297000.0,2,2,3,1,0,0,0,1.0,0.0,42,8
119,1,1,0,0,297000.0,2,2,3,1,0,0,0,1.0,0.0,42,8
120,1,1,0,0,297000.0,2,2,3,1,0,0,0,1.0,0.0,42,8
121,1,1,0,0,297000.0,2,2,3,1,0,0,0,1.0,0.0,42,8
122,1,1,0,0,297000.0,2,2,3,1,0,0,0,1.0,0.0,42,8
123,1,1,0,0,297000.0,2,2,3,1,0,0,0,1.0,0.0,42,8
124,1,1,0,0,297000.0,2,2,3,1,0,0,0,1.0,0.0,42,8
125,1,1,1,0,157500.0,2,1,2,2,0,1,0,2.0,0.0,37,13
126,1,1,1,0,157500.0,2,1,2,2,0,1,0,2.0,0.0,37,13
127,1,1,1,0,157500.0,2,1,2,2,0,1,0,2.0,0.0,37,13
128,1,1,1,0,157500.0,2,1,2,2,0,1,0,2.0,0.0,37,13
129,1,1,1,0,157500.0,2,1,2,2,0,1,0,2.0,0.0,37,13
130,0,1,0,0,135000.0,1,2,2,2,1,1,0,2.0,0.0,42,3
131,0,1,0,0,135000.0,1,2,2,2,1,1,0,2.0,0.0,42,3
132,0,1,0,0,135000.0,1,2,2,2,1,1,0,2.0,0.0,42,3
133,0,1,0,0,135000.0,1,2,2,2,1,1,0,2.0,0.0,42,3
134,0,1,0,1,225000.0,1,2,2,2,0,0,0,3.0,0.0,28,7
135,0,1,0,1,225000.0,1,2,2,2,0,0,0,3.0,0.0,28,7
136,0,1,0,1,225000.0,1,2,2,2,0,0,0,3.0,0.0,28,7
137,0,1,0,1,225000.0,1,2,2,2,0,0,0,3.0,0.0,28,7
138,1,0,0,0,135000.0,1,2,2,2,0,0,0,2.0,0.0,48,4
139,1,0,0,0,135000.0,1,2,2,2,0,0,0,2.0,0.0,48,4
140,1,0,0,0,135000.0,1,2,2,2,0,0,0,2.0,0.0,48,4
141,1,0,0,0,135000.0,1,2,2,2,0,0,0,2.0,0.0,48,4
142,1,0,0,0,135000.0,1,2,2,2,0,0,0,2.0,0.0,48,4
143,1,0,0,0,135000.0,1,2,2,2,0,0,0,2.0,0.0,48,4
144,1,0,0,0,135000.0,1,2,2,2,0,0,0,2.0,0.0,48,4
145,1,0,0,0,135000.0,1,2,2,2,0,0,0,2.0,0.0,48,4
146,0,1,0,0,157500.0,1,2,2,2,0,1,0,2.0,0.0,43,2
147,0,1,0,0,157500.0,1,2,2,2,0,1,0,2.0,0.0,43,2
148,0,1,0,0,157500.0,1,2,2,2,0,1,0,2.0,0.0,43,2
149,0,1,0,0,157500.0,1,2,2,2,0,1,0,2.0,0.0,43,2
150,1,1,0,0,112500.0,3,2,2,2,0,0,0,2.0,0.0,61,-1001
151,1,1,0,0,112500.0,3,2,2,2,0,0,0,2.0,0.0,61,-1001
152,1,1,0,0,112500.0,3,2,2,2,0,0,0,2.0,0.0,61,-1001
153,1,1,0,0,112500.0,3,2,2,2,0,0,0,2.0,0.0,61,-1001
154,1,1,0,0,112500.0,3,2,2,2,0,0,0,2.0,0.0,61,-1001
155,1,1,0,0,112500.0,3,2,2,2,0,0,0,2.0,0.0,61,-1001
156,1,1,0,0,112500.0,3,2,2,2,0,0,0,2.0,0.0,61,-1001
157,0,0,0,0,112500.0,4,2,2,2,0,1,0,2.0,0.0,57,6
158,0,0,0,0,112500.0,4,2,2,2,0,1,0,2.0,0.0,57,6
159,0,0,0,0,112500.0,4,2,2,2,0,1,0,2.0,0.0,57,6
160,0,0,0,0,112500.0,4,2,2,2,0,1,0,2.0,0.0,57,6
161,0,0,0,0,112500.0,4,2,2,2,0,1,0,2.0,0.0,57,6
162,0,0,0,0,112500.0,4,2,2,2,0,1,0,2.0,0.0,57,6
163,1,0,0,0,270000.0,1,2,4,2,1,1,0,1.0,0.0,45,3
164,1,0,0,0,270000.0,1,2,4,2,1,1,0,1.0,0.0,45,3
165,1,0,0,0,270000.0,1,2,4,2,1,1,0,1.0,0.0,45,3
166,1,0,0,0,270000.0,1,2,4,2,1,1,0,1.0,0.0,45,3
167,1,0,0,0,270000.0,1,2,4,2,1,1,0,1.0,0.0,45,3
168,1,0,0,0,270000.0,1,2,4,2,1,1,0,1.0,0.0,45,3
169,1,0,0,0,270000.0,1,1,2,2,0,0,1,2.0,0.0,29,2
170,1,0,0,0,270000.0,1,1,2,2,0,0,1,2.0,0.0,29,2
171,0,0,0,0,157500.0,1,2,2,2,0,0,0,2.0,0.0,27,2
172,0,1,0,0,166500.0,1,2,2,2,1,1,0,2.0,0.0,51,17
173,0,1,0,0,166500.0,1,2,2,2,1,1,0,2.0,0.0,51,17
174,0,1,0,0,166500.0,1,2,2,2,1,1,0,2.0,0.0,51,17
175,0,1,0,0,166500.0,1,2,2,2,1,1,0,2.0,0.0,51,17
176,0,1,0,0,166500.0,1,2,2,2,1,1,0,2.0,0.0,51,17
177,0,1,0,0,166500.0,1,2,2,2,1,1,0,2.0,0.0,51,17
178,0,1,0,0,166500.0,1,2,2,2,1,1,0,2.0,0.0,51,17
179,0,1,0,0,166500.0,1,2,2,2,1,1,0,2.0,0.0,51,17
180,0,1,0,0,166500.0,1,2,2,2,1,1,0,2.0,0.0,51,17
181,0,1,0,0,166500.0,1,2,2,2,1,1,0,2.0,0.0,51,17
182,1,1,0,2,216000.0,4,1,2,2,0,0,1,4.0,0.0,42,8
183,1,1,0,2,216000.0,4,1,2,2,0,0,1,4.0,0.0,42,8
184,1,1,0,2,216000.0,4,1,2,2,0,0,1,4.0,0.0,42,8
185,1,1,0,2,216000.0,4,1,2,2,0,0,1,4.0,0.0,42,8
186,1,1,0,2,216000.0,4,1,2,2,0,0,1,4.0,0.0,42,8
187,1,1,0,2,216000.0,4,1,2,2,0,0,1,4.0,0.0,42,8
188,1,1,0,2,216000.0,4,1,2,2,0,0,1,4.0,0.0,42,8
189,1,1,0,2,216000.0,4,1,2,2,0,0,1,4.0,0.0,42,8
190,1,0,0,0,270000.0,2,2,2,2,0,0,1,2.0,0.0,54,29
191,1,0,0,0,270000.0,2,2,2,2,0,0,1,2.0,0.0,54,29
192,1,0,0,0,225000.0,2,2,2,2,0,0,0,2.0,0.0,39,7
193,1,0,0,0,225000.0,2,2,2,2,0,0,0,2.0,0.0,39,7
194,1,1,0,0,315000.0,1,2,3,2,0,0,0,1.0,0.0,28,3
195,1,1,0,0,315000.0,1,2,3,2,0,0,0,1.0,0.0,28,3
196,1,1,1,0,255150.0,3,3,1,1,0,0,0,2.0,0.0,51,-1001
197,1,1,1,0,255150.0,3,3,1,1,0,0,0,2.0,0.0,51,-1001
198,1,1,1,0,255150.0,3,3,1,1,0,0,0,2.0,0.0,51,-1001
199,1,1,1,0,255150.0,3,3,1,1,0,0,0,2.0,0.0,51,-1001
200,1,1,1,0,255150.0,3,3,1,1,0,0,0,2.0,0.0,51,-1001
201,1,1,1,0,255150.0,3,3,1,1,0,0,0,2.0,0.0,51,-1001
202,1,1,0,2,157500.0,1,2,3,2,0,0,0,3.0,0.0,39,1
203,1,1,0,2,157500.0,1,2,3,2,0,0,0,3.0,0.0,39,1
204,1,1,0,0,148500.0,1,1,2,2,0,0,0,2.0,0.0,48,2
205,1,1,0,0,148500.0,1,1,2,2,0,0,0,2.0,0.0,48,2
206,1,1,0,0,148500.0,1,1,2,2,0,0,0,2.0,0.0,48,2
207,1,1,0,0,148500.0,1,1,2,2,0,0,0,2.0,0.0,48,2
208,1,1,0,0,148500.0,1,1,2,2,0,0,0,2.0,0.0,48,2
209,1,1,0,0,148500.0,1,1,2,2,0,0,0,2.0,0.0,48,2
210,1,1,0,2,202500.0,1,1,2,2,0,0,1,4.0,0.0,30,6
211,1,1,0,2,202500.0,1,1,2,2,0,0,1,4.0,0.0,30,6
212,1,1,0,2,202500.0,1,1,2,2,0,0,1,4.0,0.0,30,6
213,1,1,0,2,202500.0,1,1,2,2,0,0,1,4.0,0.0,30,6
214,1,1,0,2,202500.0,1,1,2,2,0,0,1,4.0,0.0,30,6
215,0,1,0,0,202500.0,1,2,3,2,1,0,0,1.0,0.0,24,2
216,0,1,0,0,202500.0,1,2,3,2,1,0,0,1.0,0.0,24,2
217,1,0,0,0,112500.0,2,2,3,2,0,1,1,1.0,0.0,20,2
218,1,1,0,0,94500.0,3,1,2,2,0,1,0,2.0,0.0,61,-1001
219,0,0,0,0,315000.0,1,2,1,2,0,0,0,2.0,0.0,28,5
220,0,0,0,0,315000.0,1,2,1,2,0,0,0,2.0,0.0,28,5
221,0,0,0,0,315000.0,1,2,1,2,0,0,0,2.0,0.0,28,5
222,0,0,0,0,315000.0,1,2,1,2,0,0,0,2.0,0.0,28,5
223,0,0,0,0,315000.0,1,2,1,2,0,0,0,2.0,0.0,28,5
224,0,0,0,0,315000.0,1,2,1,2,0,0,0,2.0,0.0,28,5
225,0,0,0,0,315000.0,1,2,1,2,0,0,0,2.0,0.0,28,5
652,1,1,1,0,238500.0,1,2,2,2,1,0,0,2.0,1.0,52,9
748,1,0,1,0,315000.0,2,1,2,2,1,1,0,2.0,1.0,37,1
1652,0,0,0,1,450000.0,2,2,2,2,0,1,1,3.0,1.0,49,1
1858,1,0,0,0,90000.0,1,2,2,2,1,1,0,2.0,1.0,51,2
1860,1,0,0,0,90000.0,1,2,2,2,1,1,0,2.0,1.0,51,2
1862,1,0,0,0,90000.0,1,2,2,2,1,1,0,2.0,1.0,51,2
2061,1,1,0,0,126000.0,2,1,3,2,0,0,0,1.0,1.0,51,6
2062,1,1,0,0,126000.0,2,1,3,2,0,0,0,1.0,1.0,51,6
3043,0,0,0,0,202500.0,2,2,1,2,0,0,1,2.0,1.0,32,4
4270,1,0,0,0,540000.0,2,1,2,2,0,1,0,2.0,1.0,43,0
4855,1,1,0,0,112500.0,3,2,2,2,0,1,0,2.0,1.0,59,-1001
4856,1,1,0,0,112500.0,3,2,2,2,0,1,0,2.0,1.0,59,-1001
6834,1,0,1,1,135000.0,1,2,2,2,1,0,0,3.0,1.0,43,1
7856,0,1,1,1,135000.0,1,2,2,2,1,1,0,3.0,1.0,41,0
8913,0,0,0,0,202500.0,2,1,2,2,0,0,1,2.0,1.0,34,14
9313,0,0,0,0,450000.0,2,1,4,2,1,1,0,1.0,1.0,44,2
9724,1,0,1,2,270000.0,4,1,2,2,1,1,0,4.0,1.0,43,20
10720,1,1,0,0,225000.0,3,2,3,2,0,0,0,1.0,1.0,63,-1001
10721,1,1,0,0,225000.0,3,2,3,2,0,0,0,1.0,1.0,63,-1001
12949,1,0,0,0,180000.0,2,2,2,2,1,0,0,2.0,1.0,51,5
13935,1,1,1,2,180000.0,1,2,2,2,0,0,0,4.0,1.0,45,22
14389,1,1,0,0,99000.0,3,1,4,2,0,0,0,1.0,1.0,67,-1001
14796,0,1,0,0,65250.0,3,1,2,2,0,0,0,2.0,1.0,57,-1001
14824,0,1,0,0,72900.0,3,4,2,2,0,0,0,2.0,1.0,64,-1001
15006,1,1,0,0,225000.0,3,2,2,3,0,1,0,2.0,1.0,59,-1001
15413,0,1,0,1,180000.0,1,2,3,2,0,0,0,2.0,1.0,35,0
15882,1,1,0,1,157500.0,4,1,2,2,0,0,0,3.0,1.0,42,11
15883,1,1,0,1,157500.0,4,1,2,2,0,0,0,3.0,1.0,42,11
15885,1,1,0,1,157500.0,4,1,2,2,0,0,0,3.0,1.0,42,11
15904,1,0,0,0,202500.0,1,1,2,2,0,0,0,2.0,1.0,41,10
15931,1,1,0,0,215550.0,1,1,2,2,0,1,0,2.0,1.0,28,2
15995,1,1,1,0,157500.0,2,2,2,2,0,0,0,2.0,1.0,52,4
16035,1,0,1,1,202500.0,1,1,2,1,0,0,0,3.0,1.0,26,7
16913,1,1,1,0,103500.0,3,2,2,2,0,0,0,2.0,1.0,62,-1001
18488,1,0,0,0,256500.0,2,1,2,2,1,0,0,2.0,1.0,30,4
18685,1,1,0,2,225000.0,1,1,2,2,0,1,0,4.0,1.0,37,15
18853,1,1,0,0,306000.0,1,2,2,2,0,0,0,2.0,1.0,51,8
18854,1,1,0,0,306000.0,1,2,2,2,0,0,0,2.0,1.0,51,8
18856,1,1,0,0,306000.0,1,2,2,2,0,0,0,2.0,1.0,51,8
18857,1,1,0,0,306000.0,1,2,2,2,0,0,0,2.0,1.0,51,8
18923,1,1,0,2,180000.0,1,3,4,2,1,0,0,3.0,1.0,33,9
18924,1,1,0,2,180000.0,1,3,4,2,1,0,0,3.0,1.0,33,9
19120,0,1,0,1,202500.0,2,2,4,2,0,1,0,2.0,1.0,34,1
19315,0,0,0,0,315000.0,2,1,2,2,0,0,0,2.0,1.0,51,3
21225,0,0,0,0,135000.0,1,2,2,2,0,0,0,2.0,1.0,29,0
21557,0,0,0,2,360000.0,2,3,2,2,0,0,0,4.0,1.0,34,5
21565,1,1,1,0,225000.0,1,2,3,2,0,0,0,1.0,1.0,51,10
22615,1,1,0,0,135000.0,1,2,2,2,0,0,0,2.0,1.0,46,15
23524,0,1,1,0,225000.0,2,2,2,2,1,1,0,2.0,1.0,40,3
24008,1,1,1,0,135000.0,1,2,5,5,0,0,0,1.0,1.0,54,1
24934,1,1,0,1,157500.0,2,2,2,2,1,1,0,3.0,1.0,35,10
25217,1,1,0,1,202500.0,1,3,2,2,0,1,0,3.0,1.0,29,3
25218,1,1,0,1,202500.0,1,3,2,2,0,1,0,3.0,1.0,29,3
25327,1,1,0,3,67500.0,2,2,2,2,1,1,0,5.0,1.0,45,1
25512,0,1,0,0,315000.0,2,1,3,2,0,0,1,1.0,1.0,28,1
25513,0,1,0,0,315000.0,2,1,3,2,0,0,1,1.0,1.0,28,1
25516,0,1,0,0,315000.0,2,1,3,2,0,0,1,1.0,1.0,28,1
25517,0,1,0,0,315000.0,2,1,3,2,0,0,1,1.0,1.0,28,1
25519,0,1,0,0,315000.0,2,1,3,2,0,0,1,1.0,1.0,28,1
26589,1,0,1,1,270000.0,1,2,1,2,0,0,0,3.0,1.0,33,5
27300,1,1,1,0,67500.0,3,2,5,2,0,1,0,1.0,1.0,63,-1001
27535,0,1,1,1,130500.0,1,3,2,1,1,1,0,3.0,1.0,31,4
27537,0,1,1,1,130500.0,1,3,2,1,1,1,0,3.0,1.0,31,4
27732,1,1,0,0,126000.0,4,3,2,2,0,0,0,2.0,1.0,48,4
27971,1,1,0,0,202500.0,1,2,2,2,0,0,0,2.0,1.0,39,9
27973,1,1,0,0,202500.0,1,2,2,2,0,0,0,2.0,1.0,39,9
27975,1,1,0,0,202500.0,1,2,2,2,0,0,0,2.0,1.0,39,9
28309,0,0,0,0,126000.0,1,1,3,2,1,0,0,1.0,1.0,39,2
28310,0,0,0,0,126000.0,1,1,3,2,1,0,0,1.0,1.0,39,2
28510,1,1,0,0,180000.0,3,2,2,2,0,0,0,2.0,1.0,62,-1001
28511,1,1,0,0,180000.0,3,2,2,2,0,0,0,2.0,1.0,62,-1001
28513,1,1,0,0,180000.0,3,2,2,2,0,0,0,2.0,1.0,62,-1001
28514,1,1,0,0,180000.0,3,2,2,2,0,0,0,2.0,1.0,62,-1001
28632,1,0,0,0,135000.0,1,2,1,2,0,0,0,2.0,1.0,49,25
28853,0,1,0,1,157500.0,1,2,2,2,0,0,0,3.0,1.0,42,6
28854,0,1,0,1,157500.0,1,2,2,2,0,0,0,3.0,1.0,42,6
29100,1,1,0,0,76500.0,3,4,4,2,0,0,0,1.0,1.0,58,-1001
29314,1,1,1,0,81000.0,3,2,4,2,0,1,0,1.0,1.0,61,-1001
29484,1,0,1,2,162000.0,2,3,2,2,1,1,0,4.0,1.0,26,2
29485,1,0,1,2,162000.0,2,3,2,2,1,1,0,4.0,1.0,26,2
29487,1,0,1,2,162000.0,2,3,2,2,1,1,0,4.0,1.0,26,2
29488,1,0,1,2,162000.0,2,3,2,2,1,1,0,4.0,1.0,26,2
29489,1,0,1,2,162000.0,2,3,2,2,1,1,0,4.0,1.0,26,2
29786,1,1,1,0,112500.0,3,2,2,3,0,0,0,2.0,1.0,58,-1001
30169,1,1,1,1,202500.0,1,2,4,2,0,0,0,2.0,1.0,38,0
30177,1,1,0,0,148500.0,3,2,2,2,0,0,0,2.0,1.0,57,-1001
30494,1,0,0,0,135000.0,1,4,2,2,0,1,0,2.0,1.0,44,1
30660,1,1,0,2,135000.0,2,4,1,4,1,0,0,4.0,1.0,27,5
30970,1,1,1,0,135000.0,2,2,2,2,0,1,0,2.0,1.0,41,6
30971,1,1,1,0,135000.0,2,2,2,2,0,1,0,2.0,1.0,41,6
31051,1,0,1,0,112500.0,2,2,4,2,1,1,0,1.0,1.0,48,28
31722,0,1,0,0,112500.0,2,1,2,2,0,0,0,2.0,1.0,55,1
31723,0,1,0,0,112500.0,2,1,2,2,0,0,0,2.0,1.0,55,1
31724,0,1,0,0,112500.0,2,1,2,2,0,0,0,2.0,1.0,55,1
31944,0,0,0,0,195750.0,1,2,2,2,1,1,0,2.0,1.0,51,2
32520,0,1,1,0,90000.0,1,2,3,4,1,0,0,1.0,1.0,27,0
32522,0,1,1,0,90000.0,1,2,3,4,1,0,0,1.0,1.0,27,0
32548,1,1,1,0,90000.0,1,2,2,2,1,1,0,2.0,1.0,47,8
32551,1,1,1,0,90000.0,1,2,2,2,1,1,0,2.0,1.0,47,8
33126,0,0,0,2,450000.0,2,1,2,2,1,1,0,4.0,1.0,48,11
33127,0,0,0,2,450000.0,2,1,2,2,1,1,0,4.0,1.0,48,11
33168,1,0,0,0,270000.0,4,1,2,2,0,0,0,2.0,1.0,44,22
33264,0,0,0,1,112500.0,1,2,2,2,1,1,0,3.0,1.0,44,2
33265,0,0,0,1,112500.0,1,2,2,2,1,1,0,3.0,1.0,44,2
33340,1,1,0,0,67500.0,2,1,4,2,0,1,0,1.0,1.0,51,1
33341,1,1,0,0,67500.0,2,1,4,2,0,1,0,1.0,1.0,51,1
33868,1,1,1,0,135000.0,1,2,2,2,1,0,0,2.0,1.0,57,35
34470,0,0,0,0,225000.0,1,2,3,2,0,0,1,1.0,1.0,27,0
34523,1,1,0,1,108000.0,1,2,2,2,1,1,0,3.0,1.0,34,3
34553,1,1,0,0,135000.0,1,2,2,2,0,0,0,2.0,1.0,55,4
35095,0,0,1,0,108000.0,1,2,2,6,0,0,0,2.0,1.0,47,2
35269,0,0,1,1,450000.0,1,1,2,2,0,1,1,3.0,1.0,26,1
35272,0,0,1,1,450000.0,1,1,2,2,0,1,1,3.0,1.0,26,1
35682,0,1,0,0,171000.0,1,3,3,2,0,0,0,1.0,1.0,27,0
36105,0,0,0,0,180000.0,3,1,2,2,0,0,0,2.0,1.0,51,-1001
36108,1,0,1,0,315000.0,2,1,2,2,1,1,0,2.0,1.0,37,1
36109,1,0,1,0,315000.0,2,1,2,2,1,1,0,2.0,1.0,37,1
36110,1,0,1,0,315000.0,2,1,2,2,1,1,0,2.0,1.0,37,1
36111,1,0,1,0,315000.0,3,1,2,2,1,1,0,2.0,1.0,37,1
36112,1,0,1,0,315000.0,2,1,2,2,1,1,0,2.0,1.0,37,1
36113,1,1,1,0,180000.0,3,2,2,2,0,0,0,2.0,1.0,60,-1001
36120,0,0,0,1,450000.0,3,2,2,2,0,1,1,3.0,1.0,49,1
36121,0,0,0,1,450000.0,2,2,3,2,0,1,1,1.0,1.0,49,1
36123,0,1,1,1,472500.0,3,1,2,4,0,0,1,3.0,1.0,24,2
36124,0,1,0,0,270000.0,1,2,2,2,0,0,0,2.0,1.0,46,0
36125,0,1,0,0,270000.0,1,2,3,2,0,0,0,2.0,1.0,46,0
36129,0,1,0,0,90000.0,3,2,2,2,0,0,1,2.0,1.0,51,4
36131,0,1,1,0,202500.0,1,1,3,2,0,0,0,1.0,1.0,35,11
36141,0,1,0,0,157500.0,2,1,1,2,0,0,0,2.0,1.0,48,2
36142,1,1,0,2,112500.0,2,2,2,2,0,0,0,4.0,1.0,33,2
36146,1,1,0,0,180000.0,1,1,2,2,0,0,0,2.0,1.0,43,2
36156,0,1,0,0,292500.0,1,2,2,2,0,0,0,2.0,1.0,30,9
36158,0,1,1,0,540000.0,2,1,2,2,0,0,0,2.0,1.0,54,1
36161,1,1,0,0,90000.0,1,4,3,1,0,0,0,2.0,1.0,32,13
36162,1,1,0,0,112500.0,3,2,2,2,0,1,1,2.0,1.0,59,-1001
36168,1,1,1,0,135000.0,1,1,3,2,0,0,0,1.0,1.0,29,6
36172,0,1,0,0,180000.0,1,2,2,2,0,0,0,2.0,1.0,35,9
36176,0,0,1,0,112500.0,4,2,3,2,0,0,0,2.0,1.0,55,4
36177,0,0,0,0,292500.0,1,1,2,2,0,0,0,2.0,1.0,57,2
36178,1,0,0,0,76500.0,3,2,2,2,0,0,0,2.0,1.0,65,-1001
36179,0,0,0,0,215100.0,2,2,2,2,0,1,0,2.0,1.0,52,3
36181,1,1,0,1,180000.0,1,3,2,3,1,1,0,3.0,1.0,29,0
36189,1,1,0,0,225000.0,3,2,3,2,0,0,0,1.0,1.0,63,-1001
36190,1,1,0,0,225000.0,3,2,3,2,0,0,0,1.0,1.0,63,-1001
36194,1,1,0,1,157500.0,2,2,3,2,0,1,0,3.0,1.0,42,6
36195,1,1,0,1,157500.0,3,2,3,2,0,1,0,3.0,1.0,42,6
36198,1,1,0,1,67500.0,2,2,2,2,0,0,0,3.0,1.0,51,11
36201,0,0,1,1,180000.0,2,2,2,2,0,0,0,3.0,1.0,30,3
36202,0,0,1,1,180000.0,2,2,2,2,0,0,0,3.0,1.0,30,3
36209,0,1,1,0,157500.0,1,2,2,2,1,0,0,2.0,1.0,50,19
36210,0,1,1,0,157500.0,1,2,2,2,1,0,0,2.0,1.0,50,19
36211,0,1,1,0,171000.0,2,3,3,2,1,1,0,1.0,1.0,31,0
36217,0,0,1,1,135000.0,1,2,2,2,0,0,0,3.0,1.0,26,2
36218,0,0,1,1,135000.0,1,2,2,2,0,0,0,3.0,1.0,26,2
36220,1,1,0,0,103500.0,1,2,2,2,0,0,1,2.0,1.0,28,1
36221,1,1,0,0,103500.0,1,2,2,2,0,0,1,2.0,1.0,28,1
36223,0,0,0,0,225000.0,1,2,2,2,0,0,0,2.0,1.0,49,9
36224,0,0,0,0,225000.0,1,2,2,2,0,0,0,2.0,1.0,49,9
36225,0,0,0,0,225000.0,1,2,2,2,0,0,0,2.0,1.0,49,9
36232,0,1,1,1,157500.0,1,2,2,2,0,0,0,3.0,1.0,44,3
36233,0,1,1,1,157500.0,1,2,2,2,0,0,0,1.0,1.0,44,3
36237,1,1,1,2,180000.0,1,2,3,2,0,0,0,4.0,1.0,45,22
36242,1,1,0,0,99000.0,3,1,4,2,0,0,0,1.0,1.0,67,-1001
36243,0,1,0,0,99000.0,3,1,4,2,0,0,0,1.0,1.0,67,-1001
36244,1,1,0,0,99000.0,3,1,4,2,0,0,0,1.0,1.0,67,-1001
36246,0,1,1,0,391500.0,1,2,3,3,0,0,0,1.0,1.0,25,1
36247,0,1,1,0,391500.0,1,2,3,3,0,0,0,1.0,1.0,25,1
36248,0,1,1,0,391500.0,1,2,3,3,0,0,0,1.0,1.0,25,1
36251,1,1,0,1,67500.0,2,1,2,2,0,0,1,3.0,1.0,24,4
36252,0,1,1,1,180000.0,1,2,3,2,0,0,0,2.0,1.0,35,0
36257,1,0,0,1,270000.0,1,1,4,2,0,1,0,2.0,1.0,38,0
36258,1,0,1,0,135000.0,2,2,2,2,0,0,0,2.0,1.0,37,7
36259,1,0,0,0,360000.0,4,1,4,2,0,0,0,1.0,1.0,52,5
36264,1,0,0,0,256500.0,2,1,3,2,1,0,0,2.0,1.0,30,4
36266,0,1,0,0,157500.0,1,2,2,2,0,0,0,2.0,1.0,42,3
36268,1,1,1,2,225000.0,2,2,2,2,0,0,0,4.0,1.0,39,13
36271,0,0,1,0,202500.0,1,2,2,4,0,0,0,2.0,1.0,37,3
36272,0,0,1,0,202500.0,1,2,2,4,0,0,0,2.0,1.0,37,3
36273,0,0,1,0,202500.0,1,2,2,4,0,0,0,2.0,1.0,37,3
36275,1,0,1,0,225000.0,1,1,2,2,1,1,0,2.0,1.0,55,6
36282,0,1,0,1,126000.0,2,2,1,2,0,0,0,3.0,1.0,34,5
36283,1,1,0,1,675000.0,2,2,3,2,0,0,0,2.0,1.0,42,2
36284,0,0,0,0,135000.0,1,2,2,2,0,0,0,2.0,1.0,29,0
36295,0,0,0,2,247500.0,1,2,2,2,0,0,0,4.0,1.0,47,1
36297,1,1,1,0,103500.0,3,2,2,2,0,0,0,2.0,1.0,60,-1001
36301,0,1,1,1,85500.0,4,2,2,3,0,0,0,3.0,1.0,41,18
36302,0,1,0,0,157500.0,1,2,2,2,0,0,0,2.0,1.0,48,3
36315,1,1,1,0,135000.0,1,2,5,5,0,0,0,1.0,1.0,54,1
36317,1,1,0,0,180000.0,1,4,5,2,1,1,0,1.0,1.0,46,6
36318,1,1,0,0,121500.0,1,2,2,2,0,0,0,2.0,1.0,51,22
36319,0,0,1,1,405000.0,2,2,2,2,0,1,0,3.0,1.0,40,3
36323,0,0,1,0,180000.0,1,2,3,2,0,0,0,1.0,1.0,44,1
36325,0,1,0,0,225000.0,3,2,5,2,0,0,0,1.0,1.0,62,-1001
36326,0,0,1,0,225000.0,2,1,3,3,0,1,1,1.0,1.0,31,1
36344,1,1,0,0,135000.0,2,2,2,2,0,0,0,2.0,1.0,54,19
36349,0,1,1,0,225000.0,1,2,5,3,0,0,0,1.0,1.0,53,0
36354,1,0,1,0,135000.0,3,2,2,2,0,1,0,2.0,1.0,63,-1001
36363,1,1,0,0,202500.0,1,2,2,2,0,0,0,2.0,1.0,39,9
36364,1,1,0,0,202500.0,1,2,3,2,0,0,0,2.0,1.0,39,9
36366,1,1,0,4,180000.0,2,2,2,2,0,0,0,6.0,1.0,47,20
36374,0,0,0,0,211500.0,3,2,2,2,0,0,0,2.0,1.0,41,20
36385,1,1,1,0,81000.0,3,2,5,2,0,1,0,1.0,1.0,65,-1001
36386,1,1,1,0,112500.0,3,2,2,3,0,0,0,2.0,1.0,58,-1001
36387,1,1,1,0,112500.0,3,2,2,3,0,0,0,2.0,1.0,58,-1001
36388,1,1,1,0,112500.0,3,2,3,3,0,0,0,2.0,1.0,58,-1001
36389,0,1,1,0,112500.0,3,2,2,3,0,0,0,2.0,1.0,58,-1001
36392,1,1,0,0,72000.0,1,2,2,2,0,1,0,2.0,1.0,49,2
36396,1,0,0,0,135000.0,1,4,2,2,0,1,0,2.0,1.0,44,1
36397,0,1,0,0,270000.0,2,2,3,3,0,0,0,1.0,1.0,49,4
36398,0,0,1,1,135000.0,2,2,3,2,0,1,0,3.0,1.0,35,4
36408,1,1,1,0,162000.0,3,2,2,2,0,0,0,2.0,1.0,58,-1001
36410,1,1,0,0,135000.0,4,1,3,3,0,0,0,1.0,1.0,29,5
36411,1,1,0,0,135000.0,4,1,3,3,0,0,0,1.0,1.0,29,5
36413,1,1,0,1,585000.0,2,1,3,2,0,0,0,2.0,1.0,28,2
36414,1,1,0,1,585000.0,2,1,3,2,0,0,0,2.0,1.0,28,2
36419,0,0,0,2,450000.0,2,1,2,2,1,1,0,4.0,1.0,48,11
36420,1,1,1,0,67500.0,2,1,4,2,0,1,0,1.0,1.0,51,1
36426,0,1,1,1,216000.0,1,2,2,3,0,0,1,3.0,1.0,35,6
36432,1,1,0,0,306000.0,3,1,2,2,0,0,0,2.0,1.0,59,-1001
36434,1,1,0,0,90000.0,3,2,2,2,0,0,0,2.0,1.0,60,-1001
36437,1,1,0,0,135000.0,1,2,5,2,0,1,0,1.0,1.0,39,2
36442,0,0,1,0,108000.0,1,2,2,6,0,0,0,2.0,1.0,47,2
36449,0,0,1,1,450000.0,1,1,2,2,0,1,1,3.0,1.0,26,1
36452,0,0,0,0,315000.0,1,2,2,2,0,0,0,2.0,1.0,47,6
36453,1,1,0,0,157500.0,2,1,2,2,0,1,1,2.0,1.0,33,3
36454,1,1,0,0,157500.0,3,1,2,2,0,1,1,2.0,1.0,33,3
